{"cameraMode":{"drawMode":0,"name":"Shaded","section":"Shading Mode"},"sceneLighting":true,"audioPlay":false,"sceneViewState":{"m_AlwaysRefresh":false,"showFog":true,"showSkybox":true,"showFlares":true,"showImageEffects":true,"showParticleSystems":true,"showVisualEffectGraphs":true,"m_FxEnabled":true},"in2DMode":false,"pivot":{"x":0.08645311743021012,"y":-7.51426362991333,"z":-58.500125885009769},"rotation":{"x":-0.0019954873714596035,"y":0.9968568682670593,"z":-0.07520545274019242,"w":-0.02662019617855549},"size":32.644859313964847,"orthographic":false}